url,label
http://paypal-secure-login.tk/signin,bad
https://www.google.com,good
http://secure-banking-login-verify.ml/,bad
https://www.github.com,good
http://apple-account-locked.ga/unlock,bad
https://www.amazon.com,good
http://microsoft-account-verify.cf/login,bad
https://www.facebook.com,good
http://netflix-billing-update.tk/payment,bad
https://www.twitter.com,good
http://paypal.com-secure.tk/verify,bad
https://www.linkedin.com,good
http://chase-online-banking.ml/signin,bad
https://www.youtube.com,good
http://amazon-account-suspended.ga/verify,bad
https://www.wikipedia.org,good
http://google-account-recovery.cf/reset,bad
https://www.reddit.com,good
http://facebook-security-alert.tk/verify,bad
https://www.instagram.com,good
http://apple-id-locked.ml/unlock,bad
https://stackoverflow.com,good
http://microsoft-office365.tk/login,bad
https://www.dropbox.com,good
http://netflix-account-hold.ga/update,bad
https://www.twitch.tv,good
http://paypal-resolution-center.cf/dispute,bad
https://www.spotify.com,good
http://amazon-prime-renewal.tk/billing,bad
https://www.ebay.com,good
http://secure-wellsfargo.ml/signin,bad
https://www.cnn.com,good
http://apple-icloud-security.ga/verify,bad
https://www.bbc.com,good
http://google-drive-share.cf/document,bad
https://www.nytimes.com,good
http://microsoft-teams-invite.tk/join,bad
https://www.medium.com,good
http://paypal-invoice-pending.ml/pay,bad
https://www.github.io,good
http://chase-fraud-alert.ga/verify,bad
https://docs.google.com,good
http://facebook-copyright-violation.tk/appeal,bad
https://www.npmjs.com,good
http://amazon-order-confirmation.cf/track,bad
https://www.cloudflare.com,good
http://netflix-account-verification.ml/confirm,bad
https://www.w3schools.com,good
http://apple-payment-declined.ga/update,bad
https://www.mozilla.org,good
http://google-adsense-payment.tk/claim,bad
https://www.heroku.com,good
http://microsoft-onedrive-shared.cf/file,bad
https://www.docker.com,good
http://paypal-limited-access.ml/restore,bad
https://www.python.org,good
http://facebook-account-disabled.ga/appeal,bad
https://www.mysql.com,good
http://amazon-refund-processing.tk/claim,bad
https://www.postgresql.org,good
http://chase-secure-message.cf/read,bad
https://www.mongodb.com,good
http://apple-app-store-receipt.ml/invoice,bad
https://www.redis.io,good
http://google-photos-shared.ga/album,bad
https://www.elastic.co,good
http://netflix-payment-failed.tk/retry,bad
https://www.nginx.com,good
http://microsoft-security-alert.cf/action,bad
https://www.apache.org,good
http://paypal-money-request.ml/accept,bad
https://www.jenkins.io,good
http://facebook-messenger-verify.ga/code,bad
https://www.kubernetes.io,good
http://amazon-account-review.tk/update,bad
https://www.terraform.io,good
http://chase-online-statement.cf/view,bad
https://www.ansible.com,good
http://apple-warranty-expired.ml/renew,bad
https://www.prometheus.io,good
http://google-calendar-invite.ga/accept,bad
https://www.grafana.com,good
http://netflix-region-change.tk/confirm,bad
https://www.atlassian.com,good
http://microsoft-account-unusual.cf/verify,bad
https://www.slack.com,good
http://paypal-buyer-protection.ml/claim,bad
https://www.notion.so,good
http://facebook-friend-request.ga/confirm,bad
https://www.figma.com,good
http://amazon-gift-card-won.tk/redeem,bad
https://www.trello.com,good
http://chase-credit-increase.cf/apply,bad
https://www.asana.com,good
http://apple-iphone-giveaway.ml/claim,bad
https://www.vercel.com,good
http://google-workspace-admin.ga/settings,bad
https://www.netlify.com,good
http://netflix-free-trial.tk/signup,bad
https://www.stripe.com,good
http://192.168.1.1/admin/login.php,bad
https://www.paypal.com,good
http://bit.ly.phishing-redirect.tk/,bad
https://www.microsoft.com,good
http://www.paypal.com.secure-login.ml/,bad
https://www.apple.com,good
http://secure.chase.com.verify-account.ga/,bad
https://www.chase.com,good
http://www.amazon.com-account.tk/verify,bad
https://www.netflix.com,good
http://login.microsoftonline.com.phishing.cf/,bad
https://www.office.com,good
http://www.facebook.com.security-check.ml/,bad
https://accounts.google.com,good
http://wellsfargo.com.online-banking.ga/,bad
https://www.wellsfargo.com,good
http://bankofamerica.com.secure-signin.tk/,bad
https://www.bankofamerica.com,good
http://usbank.com.verify-identity.cf/,bad
https://www.usbank.com,good
http://citibank.com.account-review.ml/,bad
https://www.citi.com,good
http://capitalone.com.card-services.ga/,bad
https://www.capitalone.com,good
http://discover.com.account-center.tk/,bad
https://www.discover.com,good
http://americanexpress.com.verify.cf/,bad
https://www.americanexpress.com,good
